<!--
  ~ Doms build framework version 1.0.3
  ~
  ~ $Id: build-rest-webservice.xml 197 2010-02-04 13:07:09Z blekinge $
  ~ $Revision: 197 $
  ~ $Date: 2010-02-04 14:07:09 +0100 (Thu, 04 Feb 2010) $
  ~ $Author: blekinge $
  ~
  ~ The DOMS project.
  ~ Copyright (C) 2007-2010  The State and University Library
  ~
  ~ Licensed to the Apache Software Foundation (ASF) under one
  ~ or more contributor license agreements.  See the NOTICE file
  ~ distributed with this work for additional information
  ~ regarding copyright ownership.  The ASF licenses this file
  ~ to you under the Apache License, Version 2.0 (the
  ~ "License"); you may not use this file except in compliance
  ~ with the License.  You may obtain a copy of the License at
  ~
  ~ http://www.apache.org/licenses/LICENSE-2.0
  ~
  ~ Unless required by applicable law or agreed to in writing,
  ~ software distributed under the License is distributed on an
  ~ "AS IS" BASIS, WITHOUT WARRANTIES OR CONDITIONS OF ANY
  ~ KIND, either express or implied.  See the License for the
  ~ specific language governing permissions and limitations
  ~ under the License.
  -->

<!--This include sets the correct project lib dependencies for
the module to build as a REST webservice-->
<project name="rest-webservice">
        <!--Part of doms build framework version 1.0.3-->
    <!--    <import file="build-webservice.xml"/>-->

    <property file="${global.dir}/build.properties"/>

    <selector id="rest.jars">
        <or>
            <filename name="${jersey.dir}/jars/**/*.jar"/>
            <filename name="${jsr311.dir}/jars/**/*.jar"/>
        </or>
    </selector>

</project>
