<!--
  ~ Doms build framework version 1.0.3
  ~
  ~ $Id: build-webservice.xml 199 2010-02-04 13:43:13Z blekinge $
  ~ $Revision: 199 $
  ~ $Date: 2010-02-04 14:43:13 +0100 (Thu, 04 Feb 2010) $
  ~ $Author: blekinge $
  ~
  ~ The DOMS project.
  ~ Copyright (C) 2007-2010  The State and University Library
  ~
  ~ Licensed to the Apache Software Foundation (ASF) under one
  ~ or more contributor license agreements.  See the NOTICE file
  ~ distributed with this work for additional information
  ~ regarding copyright ownership.  The ASF licenses this file
  ~ to you under the Apache License, Version 2.0 (the
  ~ "License"); you may not use this file except in compliance
  ~ with the License.  You may obtain a copy of the License at
  ~
  ~ http://www.apache.org/licenses/LICENSE-2.0
  ~
  ~ Unless required by applicable law or agreed to in writing,
  ~ software distributed under the License is distributed on an
  ~ "AS IS" BASIS, WITHOUT WARRANTIES OR CONDITIONS OF ANY
  ~ KIND, either express or implied.  See the License for the
  ~ specific language governing permissions and limitations
  ~ under the License.
  -->

<project name="webservice">
    <!--Part of doms build framework version 1.0.3-->

    <property name="warfilename" value="${ant.project.name}.war"/>

    <import file="build-common.xml"/>

    <dirname property="webservice.basedir" file="${ant.file.webservice}"/>

    <target name="war"
            description="Pack the webdirectory into a warfile ready for deployment">
        <mkdir dir="dist"/>
        <pathconvert property="module.dependencies.pathconvert"
                     refid="module.dependencies">
            <mapper type="regexp" from="^(.)*" to="\0/dist/\*.jar"/>
        </pathconvert>

        <script language="javascript" classpathref="rhino.classpath"
                src="${webservice.basedir}/convertPath.js"/>


        <copy todir="libtemp" flatten="true">

            <fileset refid="module.libs"/>
            <fileset refid="project.libs"/>
            <fileset dir="${global.dir}/lib">
                <selector refid="all.jars"/>
            </fileset>
            <fileset refid="module.dependencies.jars"/>
        </copy>

        <antcall target="war.with.wsdl"/>
        <antcall target="war.without.wsdl"/>

        <delete dir="libtemp"/>

    </target>

    <target name="war.with.wsdl" if="wsdl.dir">
        <war destfile="dist/${warfilename}"
             webxml="web/WEB-INF/web.xml">
            <classes dir="classes"/>
            <lib dir="libtemp"/>
            <webinf dir="web/WEB-INF">
                <exclude name="web.xml"/>
            </webinf>

            <webinf dir="${wsdl.dir}" prefix="WEB-INF/wsdl"/>
            <fileset dir="web">
                <exclude name="WEB-INF/**"/>
            </fileset>
        </war>

    </target>

    <target name="war.without.wsdl" unless="wsdl.dir">
        <war destfile="dist/${warfilename}"
             webxml="web/WEB-INF/web.xml">
            <classes dir="classes"/>
            <lib dir="libtemp"/>
            <webinf dir="web/WEB-INF">
                <exclude name="web.xml"/>
            </webinf>
            <fileset dir="web">
                <exclude name="WEB-INF/**"/>
            </fileset>
        </war>

    </target>


</project>
