<!--
  ~ Doms build framework version 1.0.3
  ~
  ~ $Id$
  ~ $Revision$
  ~ $Date$
  ~ $Author$
  ~
  ~ The DOMS project.
  ~ Copyright (C) 2007-2010  The State and University Library
  ~
  ~ Licensed to the Apache Software Foundation (ASF) under one
  ~ or more contributor license agreements.  See the NOTICE file
  ~ distributed with this work for additional information
  ~ regarding copyright ownership.  The ASF licenses this file
  ~ to you under the Apache License, Version 2.0 (the
  ~ "License"); you may not use this file except in compliance
  ~ with the License.  You may obtain a copy of the License at
  ~
  ~ http://www.apache.org/licenses/LICENSE-2.0
  ~
  ~ Unless required by applicable law or agreed to in writing,
  ~ software distributed under the License is distributed on an
  ~ "AS IS" BASIS, WITHOUT WARRANTIES OR CONDITIONS OF ANY
  ~ KIND, either express or implied.  See the License for the
  ~ specific language governing permissions and limitations
  ~ under the License.
  -->

<project name="jaxb">
    <!--Part of doms build framework version 1.0.3-->

    <!--    <import  file="build-webservice.xml"/>-->

    <import file="build-soap-webservice.xml"/>

    <fileset id="schema.files" dir="${basedir}">
        <exclude name="**/*"/>
    </fileset>

    <taskdef name="xjc" classname="com.sun.tools.xjc.XJCTask">
        <classpath refid="build.classpath"/>
    </taskdef>


    <target name="jaxb.generate">
        <mkdir dir="tempsrc"/>
        <echo message="Now we generate fedora types"/>
        <property name="schemas" refid="schema.files"/>
        <echo message="${schemas}"/>
        <xjc destdir="tempsrc"
             package="${jaxb.package}">
            <schema refid="schema.files"/>

        </xjc>
    </target>

    <property name="jaxb.package"
              value="dk.statsbiblioteket.doms.bitstorage.generated"/>


</project>
