<?xml version="1.0" encoding="UTF-8"?>
<foxml:digitalObject PID="planets:PlanetsContentModelContentModel" VERSION="1.1"
                     xmlns:foxml="info:fedora/fedora-system:def/foxml#"
                     xmlns:xsi="http://www.w3.org/2001/XMLSchema-instance" xsi:schemaLocation="info:fedora/fedora-system:def/foxml# http://www.fedora.info/definitions/1/0/foxml1-1.xsd">
    <foxml:objectProperties>
        <foxml:property NAME="info:fedora/fedora-system:def/model#state" VALUE="Active"/>
        <foxml:property NAME="info:fedora/fedora-system:def/model#label" VALUE="Content Model Object for Planets Content Models"/>
    </foxml:objectProperties>
    <foxml:datastream CONTROL_GROUP="X" ID="DC" STATE="A" VERSIONABLE="true">
        <foxml:datastreamVersion
                                 FORMAT_URI="http://www.openarchives.org/OAI/2.0/oai_dc/" ID="DC1.0"
                                 LABEL="Dublin Core Record for this object" MIMETYPE="text/xml">
            <foxml:xmlContent>
                <oai_dc:dc xmlns:dc="http://purl.org/dc/elements/1.1/" xmlns:oai_dc="http://www.openarchives.org/OAI/2.0/oai_dc/">
                    <dc:title>Content Model Object for Planets Content Models</dc:title>
                </oai_dc:dc>
            </foxml:xmlContent>
        </foxml:datastreamVersion>
    </foxml:datastream>
    <foxml:datastream CONTROL_GROUP="X" ID="RELS-EXT" STATE="A" VERSIONABLE="true">
        <foxml:datastreamVersion
                                 FORMAT_URI="info:fedora/fedora-system:FedoraRELSExt-1.0" ID="RELS-EXT.0"
                                 LABEL="RDF Statements about this object" MIMETYPE="application/rdf+xml">
            <foxml:xmlContent>
                <rdf:RDF xmlns:fedora-model="info:fedora/fedora-system:def/model#" xmlns:rdf="http://www.w3.org/1999/02/22-rdf-syntax-ns#">
                    <rdf:Description rdf:about="info:fedora/planets:PlanetsContentModelContentModel">
                        <fedora-model:hasModel rdf:resource="info:fedora/fedora-system:ContentModel-3.0"/>
                        <preferredContentModel rdf:resource="info:fedora/planets:ContentModel_FileObject" xmlns="http://planets-project.eu/fedora#"/>
                    </rdf:Description>
                </rdf:RDF>
            </foxml:xmlContent>
        </foxml:datastreamVersion>
    </foxml:datastream>
    <foxml:datastream CONTROL_GROUP="X" ID="DS-COMPOSITE-MODEL" STATE="A" VERSIONABLE="true">
        <foxml:datastreamVersion
                                 FORMAT_URI="info:fedora/fedora-system:FedoraDSCompositeModel-1.0"
                                 ID="DS-COMPOSITE-MODEL1.0" LABEL="Datastream Composite Model" MIMETYPE="text/xml">
            <foxml:xmlContent>
                <dsCompositeModel xmlns="info:fedora/fedora-system:def/dsCompositeModel#">
                    <dsTypeModel ID="PLANETS"/>
                </dsCompositeModel>
            </foxml:xmlContent>
        </foxml:datastreamVersion>
    </foxml:datastream>
</foxml:digitalObject>
