<?xml version="1.0" encoding="UTF-8" ?>
<!--
  ~ $Id: log4j.xml 186 2010-01-29 10:41:07Z kchristiansen $
  ~ $Revision: 186 $
  ~ $Date: 2010-01-29 11:41:07 +0100 (Fri, 29 Jan 2010) $
  ~ $Author: kchristiansen $
  ~
  ~ The DOMS project.
  ~ Copyright (C) 2007-2010  The State and University Library
  ~
  ~ Licensed to the Apache Software Foundation (ASF) under one
  ~ or more contributor license agreements.  See the NOTICE file
  ~ distributed with this work for additional information
  ~ regarding copyright ownership.  The ASF licenses this file
  ~ to you under the Apache License, Version 2.0 (the
  ~ "License"); you may not use this file except in compliance
  ~ with the License.  You may obtain a copy of the License at
  ~
  ~ http://www.apache.org/licenses/LICENSE-2.0
  ~
  ~ Unless required by applicable law or agreed to in writing,
  ~ software distributed under the License is distributed on an
  ~ "AS IS" BASIS, WITHOUT WARRANTIES OR CONDITIONS OF ANY
  ~ KIND, either express or implied.  See the License for the
  ~ specific language governing permissions and limitations
  ~ under the License.
  -->

<!DOCTYPE log4j:configuration SYSTEM "log4j.dtd">

<log4j:configuration xmlns:log4j="http://jakarta.apache.org/log4j/"
                     debug="false">
    <appender name="LogRegistry"
              class="dk.statsbiblioteket.doms.surveillance.rest.log4jappender.LogRegistryAppender">
        <param name="Threshold" value="INFO"/>
        <layout class="org.apache.log4j.PatternLayout">
            <param name="ConversionPattern" value="%-5p [%t] [%d] [%c] %m%n"/>
        </layout>
    </appender>

    <!-- A console appender -->
    <appender name="CONSOLE" class="org.apache.log4j.ConsoleAppender">
        <param name="Threshold" value="ALL"/>
        <!-- or WARN or DEBUG or INFO -->
        <layout class="org.apache.log4j.PatternLayout">
            <param name="ConversionPattern" value="%-5p [%t] [%d] [%c] %m%n"/>
        </layout>
    </appender>

    <logger name="dk.statsbiblioteket">
        <level value="WARN"/>
        <appender-ref ref="LogRegistry"/>
    </logger>

    <root>
        <level value="ERROR"/>
        <appender-ref ref="CONSOLE"/>
    </root>
</log4j:configuration>